<?xml version="1.0" encoding="utf-8"?>
<mysql>
    <connection>
        <mysql_host>127.0.0.1</mysql_host>
        <mysql_port>3306</mysql_port>
    </connection>
	<tpcc>
        <schema>
            <mysql_count_ware>1</mysql_count_ware>
            <mysql_num_vu>1</mysql_num_vu>
            <mysql_user>root</mysql_user>
            <mysql_pass>mysql</mysql_pass>
            <mysql_dbase>tpcc</mysql_dbase>
            <mysql_storage_engine>innodb</mysql_storage_engine>
	    <mysql_partition>false</mysql_partition>
        </schema>
        <driver>
            <mysql_total_iterations>1000000</mysql_total_iterations>
            <mysql_raiseerror>false</mysql_raiseerror>
            <mysql_keyandthink>false</mysql_keyandthink>
            <mysql_driver>test</mysql_driver>
	    <mysql_rampup>2</mysql_rampup>
            <mysql_duration>5</mysql_duration>
            <mysql_allwarehouse>false</mysql_allwarehouse>
            <mysql_timeprofile>false</mysql_timeprofile>
	    <mysql_async_scale>false</mysql_async_scale>
            <mysql_async_client>10</mysql_async_client>
            <mysql_async_verbose>false</mysql_async_verbose>
            <mysql_async_delay>1000</mysql_async_delay>
        </driver>
    </tpcc>
    <tpch>
        <schema>
            <mysql_scale_fact>1</mysql_scale_fact>
            <mysql_tpch_user>root</mysql_tpch_user>
            <mysql_tpch_pass>mysql</mysql_tpch_pass>
            <mysql_tpch_dbase>tpch</mysql_tpch_dbase>
            <mysql_num_tpch_threads>1</mysql_num_tpch_threads>
  	    <mysql_tpch_storage_engine>myisam</mysql_tpch_storage_engine>
        </schema>
        <driver>
            <mysql_total_querysets>1</mysql_total_querysets>
            <mysql_raise_query_error>false</mysql_raise_query_error>
            <mysql_verbose>false</mysql_verbose>
            <mysql_refresh_on>false</mysql_refresh_on>
            <mysql_update_sets>1</mysql_update_sets>
            <mysql_trickle_refresh>1000</mysql_trickle_refresh>
            <mysql_refresh_verbose>false</mysql_refresh_verbose>
	    <mysql_cloud_query>false</mysql_cloud_query>
        </driver>
    </tpch>
</mysql>
