<?xml version="1.0" encoding="utf-8"?>
<oracle>
    <connection>
        <system_user>system</system_user>
        <system_password>manager</system_password>
        <instance>oracle</instance>
        <rac>0</rac>
    </connection>
    <tpcc>
        <schema>
            <count_ware>1</count_ware>
	    <num_vu>1</num_vu>
            <tpcc_user>tpcc</tpcc_user>
            <tpcc_pass>tpcc</tpcc_pass>
            <tpcc_def_tab>tpcctab</tpcc_def_tab>
            <tpcc_ol_tab>tpcctab</tpcc_ol_tab>
            <tpcc_def_temp>temp</tpcc_def_temp>
	    <partition>false</partition>
	    <hash_clusters>false</hash_clusters>
	    <tpcc_tt_compat>false</tpcc_tt_compat>
        </schema>
        <driver>
            <total_iterations>1000000</total_iterations>
            <raiseerror>false</raiseerror>
            <keyandthink>false</keyandthink>
	    <checkpoint>false</checkpoint>
            <ora_driver>test</ora_driver>
            <rampup>2</rampup>
            <duration>5</duration>
            <allwarehouse>false</allwarehouse>
            <timeprofile>false</timeprofile>
	    <async_scale>false</async_scale>
	    <async_client>10</async_client>
	    <async_verbose>false</async_verbose>
	    <async_delay>1000</async_delay>
        </driver>
    </tpcc>
    <tpch>
        <schema>
            <scale_fact>1</scale_fact>
            <tpch_user>tpch</tpch_user>
            <tpch_pass>tpch</tpch_pass>
            <tpch_def_tab>tpchtab</tpch_def_tab>
            <tpch_def_temp>temp</tpch_def_temp>
            <num_tpch_threads>1</num_tpch_threads>
	    <tpch_tt_compat>false</tpch_tt_compat>
        </schema>
        <driver>
            <total_querysets>1</total_querysets>
            <raise_query_error>false</raise_query_error>
            <verbose>false</verbose>
            <degree_of_parallel>2</degree_of_parallel>
	    <refresh_on>false</refresh_on>
	    <update_sets>1</update_sets> 
	    <trickle_refresh>1000</trickle_refresh> 
	    <refresh_verbose>false</refresh_verbose> 
	    <cloud_query>false</cloud_query>
        </driver>
    </tpch>
</oracle>
