<?xml version="1.0" encoding="utf-8"?>
<postgresql>
    <connection>
        <pg_host>localhost</pg_host>
        <pg_port>5432</pg_port>
    </connection>
	<tpcc>
        <schema>
            <pg_count_ware>1</pg_count_ware>
            <pg_num_vu>1</pg_num_vu>
            <pg_superuser>postgres</pg_superuser>
            <pg_superuserpass>postgres</pg_superuserpass>
            <pg_defaultdbase>postgres</pg_defaultdbase>
            <pg_user>tpcc</pg_user>
            <pg_pass>tpcc</pg_pass>
            <pg_dbase>tpcc</pg_dbase>
            <pg_vacuum>false</pg_vacuum>
            <pg_dritasnap>false</pg_dritasnap>
            <pg_oracompat>false</pg_oracompat>
            <pg_storedprocs>false</pg_storedprocs>
        </schema>
        <driver>
            <pg_total_iterations>1000000</pg_total_iterations>
            <pg_raiseerror>false</pg_raiseerror>
            <pg_keyandthink>false</pg_keyandthink>
            <pg_driver>test</pg_driver>
	    <pg_rampup>2</pg_rampup>
            <pg_duration>5</pg_duration>
            <pg_allwarehouse>false</pg_allwarehouse>
            <pg_timeprofile>false</pg_timeprofile>
	    <pg_async_scale>false</pg_async_scale>
            <pg_async_client>10</pg_async_client>
            <pg_async_verbose>false</pg_async_verbose>
            <pg_async_delay>1000</pg_async_delay>
        </driver>
    </tpcc>
    <tpch>
     <schema>
            <pg_scale_fact>1</pg_scale_fact>
            <pg_tpch_superuser>postgres</pg_tpch_superuser>
            <pg_tpch_superuserpass>postgres</pg_tpch_superuserpass>
            <pg_tpch_defaultdbase>postgres</pg_tpch_defaultdbase>
            <pg_tpch_user>tpch</pg_tpch_user>
            <pg_tpch_pass>tpch</pg_tpch_pass>
            <pg_tpch_dbase>tpch</pg_tpch_dbase>
	    <pg_tpch_gpcompat>false</pg_tpch_gpcompat>
	    <pg_tpch_gpcompress>false</pg_tpch_gpcompress>
            <pg_num_tpch_threads>1</pg_num_tpch_threads>
        </schema>
        <driver>
            <pg_total_querysets>1</pg_total_querysets>
            <pg_raise_query_error>false</pg_raise_query_error>
            <pg_verbose>false</pg_verbose>
            <pg_refresh_on>false</pg_refresh_on>
            <pg_degree_of_parallel>2</pg_degree_of_parallel>
            <pg_update_sets>1</pg_update_sets>
            <pg_trickle_refresh>1000</pg_trickle_refresh>
            <pg_refresh_verbose>false</pg_refresh_verbose>
	    <pg_cloud_query>false</pg_cloud_query>
	    <pg_rs_compat>false</pg_rs_compat>
        </driver>
    </tpch>
</postgresql>
